Workbook

Sheet sdia_profile
A1: Step | B1: DC+ | C1: DC- | D1: Gain Resisor Top | E1: Gain Resistor Bottom | F1: Ref+ | G1: Ref- | H1: Gain Resistance (Theoretical) | I1: % Error, Gain Resistor 1 | J1: % Error, Gain Resistor 2 | K1: % Difference, Between Gain Resistors | L1: DC Offset, Ideal | M1: % Error, DC+ | N1: % Error, DC- | O1: % Difference, DC+ to DC-
A2: 0 | B2: 0.002512 | C2: 0 | D2: 0 | E2: 0 | F2: 0.016438 | G2: 0.0165 | H2: =(50000 / 256) *A2 -> 0 | I2: 0 | J2: 0 | K2: 0 | L2: =(A2/256) * 5 -> 0 | M2: 0 | N2: 0 | O2: 0
A3: 1 | B3: 0.022516 | C3: 0.019696 | D3: 207.46553 | E3: 424.94957 | F3: 0.016562 | G3: 0.054438 | H3: =(50000 / 256) *A3 -> 195.3125 | I3: =(D3-$H3)/$H3 -> 0.062223514 | J3: =(E3-$H3)/$H3 -> 1.1757418 | K3: =(E3-D3)/D3 -> 1.04829 | L3: =(A3/256) * 5 -> 0.01953125 | M3: =(B3-L3)/L3 -> 0.1528192 | N3: =(C3-L3)/L3 -> 0.0084352 | O3: =(C3-B3)/B3 -> -0.12524427
A4: 2 | B4: 0.042742 | C4: 0.039613 | D4: 344.77826 | E4: 518.14795 | F4: 0.016625 | G4: 0.090875 | H4: =(50000 / 256) *A4 -> 390.625 | I4: =(D4-$H4)/$H4 -> -0.11736765 | J4: =(E4-$H4)/$H4 -> 0.32645875 | K4: =(E4-D4)/D4 -> 0.50284403 | L4: =(A4/256) * 5 -> 0.0390625 | M4: =(B4-L4)/L4 -> 0.0941952 | N4: =(C4-L4)/L4 -> 0.0140928 | O4: =(C4-B4)/B4 -> -0.073206682
A5: 3 | B5: 0.062526 | C5: 0.059662 | D5: 413.13793 | E5: 657.11753 | F5: 0.01675 | G5: 0.126125 | H5: =(50000 / 256) *A5 -> 585.9375 | I5: =(D5-$H5)/$H5 -> -0.29491127 | J5: =(E5-$H5)/$H5 -> 0.12148058 | K5: =(E5-D5)/D5 -> 0.59055242 | L5: =(A5/256) * 5 -> 0.05859375 | M5: =(B5-L5)/L5 -> 0.0671104 | N5: =(C5-L5)/L5 -> 0.018231467 | O5: =(C5-B5)/B5 -> -0.045804945
A6: 4 | B6: 0.082707 | C6: 0.079579 | D6: 752.0032 | E6: 749.21649 | F6: 0.016938 | G6: 0.160562 | H6: =(50000 / 256) *A6 -> 781.25 | I6: =(D6-$H6)/$H6 -> -0.0374359 | J6: =(E6-$H6)/$H6 -> -0.041002897 | K6: =(E6-D6)/D6 -> -0.0037057236 | L6: =(A6/256) * 5 -> 0.078125 | M6: =(B6-L6)/L6 -> 0.0586496 | N6: =(C6-L6)/L6 -> 0.0186112 | O6: =(C6-B6)/B6 -> -0.037820257
A7: 5 | B7: 0.102712 | C7: 0.099539 | D7: 819.19551 | E7: 886.55152 | F7: 0.017188 | G7: 0.193562 | H7: =(50000 / 256) *A7 -> 976.5625 | I7: =(D7-$H7)/$H7 -> -0.1611438 | J7: =(E7-$H7)/$H7 -> -0.092171242 | K7: =(E7-D7)/D7 -> 0.082222141 | L7: =(A7/256) * 5 -> 0.09765625 | M7: =(B7-L7)/L7 -> 0.05177088 | N7: =(C7-L7)/L7 -> 0.01927936 | O7: =(C7-B7)/B7 -> -0.030892203
A8: 6 | B8: 0.122849 | C8: 0.119456 | D8: 953.006 | E8: 977.5704 | F8: 0.017312 | G8: 0.22575 | H8: =(50000 / 256) *A8 -> 1171.875 | I8: =(D8-$H8)/$H8 -> -0.18676821 | J8: =(E8-$H8)/$H8 -> -0.16580659 | K8: =(E8-D8)/D8 -> 0.025775704 | L8: =(A8/256) * 5 -> 0.1171875 | M8: =(B8-L8)/L8 -> 0.048311467 | N8: =(C8-L8)/L8 -> 0.019357867 | O8: =(C8-B8)/B8 -> -0.027619272
A9: 7 | B9: 0.142766 | C9: 0.139373 | D9: 1152.2986 | E9: 1068.1626 | F9: 0.017375 | G9: 0.256937 | H9: =(50000 / 256) *A9 -> 1367.1875 | I9: =(D9-$H9)/$H9 -> -0.15717587 | J9: =(E9-$H9)/$H9 -> -0.21871538 | K9: =(E9-D9)/D9 -> -0.073015845 | L9: =(A9/256) * 5 -> 0.13671875 | M9: =(B9-L9)/L9 -> 0.044231314 | N9: =(C9-L9)/L9 -> 0.019413943 | O9: =(C9-B9)/B9 -> -0.023766163
A10: 8 | B10: 0.162153 | C10: 0.159774 | D10: 1218.3532 | E10: 1203.2573 | F10: 0.017562 | G10: 0.28625 | H10: =(50000 / 256) *A10 -> 1562.5 | I10: =(D10-$H10)/$H10 -> -0.22025394 | J10: =(E10-$H10)/$H10 -> -0.22991536 | K10: =(E10-D10)/D10 -> -0.01239047 | L10: =(A10/256) * 5 -> 0.15625 | M10: =(B10-L10)/L10 -> 0.0377792 | N10: =(C10-L10)/L10 -> 0.0225536 | O10: =(C10-B10)/B10 -> -0.014671329
A11: 9 | B11: 0.18229 | C11: 0.179823 | D11: 1610.7854 | E11: 1337.4085 | F11: 0.017813 | G11: 0.3155 | H11: =(50000 / 256) *A11 -> 1757.8125 | I11: =(D11-$H11)/$H11 -> -0.083642057 | J11: =(E11-$H11)/$H11 -> -0.23916314 | K11: =(E11-D11)/D11 -> -0.16971652 | L11: =(A11/256) * 5 -> 0.17578125 | M11: =(B11-L11)/L11 -> 0.037027556 | N11: =(C11-L11)/L11 -> 0.022993067 | O11: =(C11-B11)/B11 -> -0.013533381
A12: 10 | B12: 0.202207 | C12: 0.199784 | D12: 1610.7854 | E12: 1426.3235 | F12: 0.018 | G12: 0.343938 | H12: =(50000 / 256) *A12 -> 1953.125 | I12: =(D12-$H12)/$H12 -> -0.17527785 | J12: =(E12-$H12)/$H12 -> -0.26972237 | K12: =(E12-D12)/D12 -> -0.11451677 | L12: =(A12/256) * 5 -> 0.1953125 | M12: =(B12-L12)/L12 -> 0.03529984 | N12: =(C12-L12)/L12 -> 0.02289408 | O12: =(C12-B12)/B12 -> -0.01198277
A13: 11 | B13: 0.222212 | C13: 0.219744 | D13: 1804.5324 | E13: 1646.8145 | F13: 0.018125 | G13: 0.37175 | H13: =(50000 / 256) *A13 -> 2148.4375 | I13: =(D13-$H13)/$H13 -> -0.16007219 | J13: =(E13-$H13)/$H13 -> -0.2334827 | K13: =(E13-D13)/D13 -> -0.087400971 | L13: =(A13/256) * 5 -> 0.21484375 | M13: =(B13-L13)/L13 -> 0.034295855 | N13: =(C13-L13)/L13 -> 0.022808436 | O13: =(C13-B13)/B13 -> -0.011106511
A14: 12 | B14: 0.242349 | C14: 0.239485 | D14: 2187.1907 | E14: 1646.8145 | F14: 0.01825 | G14: 0.39875 | H14: =(50000 / 256) *A14 -> 2343.75 | I14: =(D14-$H14)/$H14 -> -0.066798644 | J14: =(E14-$H14)/$H14 -> -0.29735914 | K14: =(E14-D14)/D14 -> -0.24706404 | L14: =(A14/256) * 5 -> 0.234375 | M14: =(B14-L14)/L14 -> 0.0340224 | N14: =(C14-L14)/L14 -> 0.021802667 | O14: =(C14-B14)/B14 -> -0.011817668
... A258: 256 | B258: 5.147447 | C258: 5.113606 | D258: 47800.058 | E258: 39624.187 | F258: 2.048 | G258: 1.852625 | H258: =(50000 / 256) *A258 -> 50000 | I258: =(D258-$H258)/$H258 -> -0.043998838 | J258: =(E258-$H258)/$H258 -> -0.20751626 | K258: =(E258-D258)/D258 -> -0.17104312 | L258: =(A258/256) * 5 -> 5 | M258: =(B258-L258)/L258 -> 0.0294894 | N258: =(C258-L258)/L258 -> 0.0227212 | O258: =(C258-B258)/B258 -> -0.006574327

Sheet pH_sen_profile
A1: Measured Voltage (pH Sensor Preamp) | B1: pH
A3: 2.510304 | B3: 7
A4: 2.096468 | B4: 4
A7: 2.112351 | B7: =7.2492*A7-11.198 -> 4.1148549

Sheet RTD_Sen_Profile
A1: Actual Temperature | B1: Measured Voltage | C1: RTD Temperature | D1: % Error | E1: Theoretical Voltage | F1: deltaV | G1: Adj. Voltage | H1: Adj. Temp | I1: % Error
A2: 3.5 | B2: 0.108385 | C2: =(-$M$2 + SQRT(POWER($M$2, 2)-((4*$M$3)*(1 - ((47*B2)/(5-B2))))))/(2*$M$3) -> 10.607749 | D2: =ABS((C2-A2)/A2) -> 2.0307854 | E2: 0.10556 | F2: =B2-E2 -> 0.002825 | G2: =B2+$M$4 -> 0.105285 | H2: =(-$M$2 + SQRT(POWER($M$2, 2)-((4*$M$3)*(1 - ((47*G2)/(5-G2))))))/(2*$M$3) -> 2.8072261 | I2: =ABS((H2-A2)/A2) -> 0.19793541 | L2: A | M2: 0.0039083
A3: 20.7 | B3: 0.115837 | C3: =(-$M$2 + SQRT(POWER($M$2, 2)-((4*$M$3)*(1 - ((47*B3)/(5-B3))))))/(2*$M$3) -> 29.474199 | D3: =ABS((C3-A3)/A3) -> 0.42387437 | E3: 0.11238 | F3: =B3-E3 -> 0.003457 | G3: =B3+$M$4 -> 0.112737 | H3: =(-$M$2 + SQRT(POWER($M$2, 2)-((4*$M$3)*(1 - ((47*G3)/(5-G3))))))/(2*$M$3) -> 21.605985 | I3: =ABS((H3-A3)/A3) -> 0.043767401 | L3: B | M3: -5.775e-07
A4: 94.4 | B4: 0.144934 | C4: =(-$M$2 + SQRT(POWER($M$2, 2)-((4*$M$3)*(1 - ((47*B4)/(5-B4))))))/(2*$M$3) -> 104.74782 | D4: =ABS((C4-A4)/A4) -> 0.10961674 | E4: 0.140995 | F4: =B4-E4 -> 0.003939 | G4: =B4+$M$4 -> 0.141834 | H4: =(-$M$2 + SQRT(POWER($M$2, 2)-((4*$M$3)*(1 - ((47*G4)/(5-G4))))))/(2*$M$3) -> 96.602814 | I4: =ABS((H4-A4)/A4) -> 0.023334892 | L4: Adj | M4: -0.0031
A7: 15.5 | B7: 0.111541
A8: 36 | B8: 0.119296
A9: 53.5 | B9: 0.126653
A12: V | B12: T
A13: 0.119511 | B13: =2515.7*A13-264.78 -> 35.873823

Sheet Turb_Sen_Profile
A1: Actual Turbidity | B1: Sensor Voltage
A2: 0.2 | B2: 4.1188
A3: 7 | B3: 4.1154
A4: 27 | B4: 4.0922
A5: 60 | B5: 4.0467
A6: 140 | B6: 3.9957
A7: 330 | B7: 3.9002

Sheet SDIA Testing
A1: Input Voltage | B1: Ideal Gain | C1: Actual Gain, Assuming Ideal Pots | D1: % Error | E1: Software-Selected Gain | F1: % Error
A2: 0.10727 | B2: 12 | C2: 10.64 | D2: =ABS(('SDIA Testing'!$C2-'SDIA Testing'!$B2)/'SDIA Testing'!$B2) -> 0.11333333 | E2: 12.030886 | F2: =ABS(('SDIA Testing'!$E2-'SDIA Testing'!$B2)/'SDIA Testing'!$B2) -> 0.0025738333
A3: 0.40825 | B3: 4 | C3: 3.95 | D3: =ABS(('SDIA Testing'!$C3-'SDIA Testing'!$B3)/'SDIA Testing'!$B3) -> 0.0125 | E3: 4.000105 | F3: =ABS(('SDIA Testing'!$E3-'SDIA Testing'!$B3)/'SDIA Testing'!$B3) -> 2.625e-05
A4: 0.7996 | B4: 2 | C4: 2.01 | D4: =ABS(('SDIA Testing'!$C4-'SDIA Testing'!$B4)/'SDIA Testing'!$B4) -> 0.005 | E4: 2.000037 | F4: =ABS(('SDIA Testing'!$E4-'SDIA Testing'!$B4)/'SDIA Testing'!$B4) -> 1.85e-05
A5: 1.20286 | B5: 3.5 | C5: 3.469 | D5: =ABS(('SDIA Testing'!$C5-'SDIA Testing'!$B5)/'SDIA Testing'!$B5) -> 0.0088571429 | E5: 3.49919 | F5: =ABS(('SDIA Testing'!$E5-'SDIA Testing'!$B5)/'SDIA Testing'!$B5) -> 0.00023142857
A6: 1.5077 | B6: 3 | C6: 3.0022 | D6: =ABS(('SDIA Testing'!$C6-'SDIA Testing'!$B6)/'SDIA Testing'!$B6) -> 0.00073333333 | E6: 2.99962 | F6: =ABS(('SDIA Testing'!$E6-'SDIA Testing'!$B6)/'SDIA Testing'!$B6) -> 0.00012666667
A7: 1.8005 | B7: 5 | C7: 4.936 | D7: =ABS(('SDIA Testing'!$C7-'SDIA Testing'!$B7)/'SDIA Testing'!$B7) -> 0.0128 | E7: 4.998462 | F7: =ABS(('SDIA Testing'!$E7-'SDIA Testing'!$B7)/'SDIA Testing'!$B7) -> 0.0003076
A8: 2.00948 | B8: 2.5 | C8: 2.513 | D8: =ABS(('SDIA Testing'!$C8-'SDIA Testing'!$B8)/'SDIA Testing'!$B8) -> 0.0052 | E8: 2.500217 | F8: =ABS(('SDIA Testing'!$E8-'SDIA Testing'!$B8)/'SDIA Testing'!$B8) -> 8.68e-05
A10: Input Voltage | B10: Ideal DC Offset | C10: Actual DC Input Offset, Assuming Ideal Pots | D10: % Error | E10: Software-Selected DC Offset | F10: % Error
A11: 0.10727 | B11: 0 | C11: 2.512e-05 | D11: N/A | E11: 0.002512 | F11: N/A
A12: 0.40825 | B12: 0 | C12: 2.512e-05 | D12: N/A | E12: 0.002512 | F12: N/A
A13: 0.7996 | B13: 0 | C13: 2.512e-05 | D13: N/A | E13: 0.002512 | F13: N/A
A14: 1.20286 | B14: -1 | C14: -0.977 | D14: =ABS(('SDIA Testing'!$C14-'SDIA Testing'!$B14)/'SDIA Testing'!$B14) -> 0.023 | E14: -0.994864 | F14: =ABS(('SDIA Testing'!$E14-'SDIA Testing'!$B14)/'SDIA Testing'!$B14) -> 0.005136
A15: 1.5077 | B15: -1 | C15: -0.977 | D15: =ABS(('SDIA Testing'!$C15-'SDIA Testing'!$B15)/'SDIA Testing'!$B15) -> 0.023 | E15: -0.994864 | F15: =ABS(('SDIA Testing'!$E15-'SDIA Testing'!$B15)/'SDIA Testing'!$B15) -> 0.005136
A16: 1.8005 | B16: -1.5 | C16: -1.534 | D16: =ABS(('SDIA Testing'!$C16-'SDIA Testing'!$B16)/'SDIA Testing'!$B16) -> 0.022666667 | E16: -1.492605 | F16: =ABS(('SDIA Testing'!$E16-'SDIA Testing'!$B16)/'SDIA Testing'!$B16) -> 0.00493
A17: 2.00948 | B17: -1.5 | C17: -1.534 | D17: =ABS(('SDIA Testing'!$C17-'SDIA Testing'!$B17)/'SDIA Testing'!$B17) -> 0.022666667 | E17: -1.492605 | F17: =ABS(('SDIA Testing'!$E17-'SDIA Testing'!$B17)/'SDIA Testing'!$B17) -> 0.00493
A19: Input Voltage | B19: Theoretical ADC Voltage | C19: Measured ADC Voltage | D19: % Error, w.r.t. Theoretical | E19: ADC Voltage, Assuming Ideal Pot | F19: % Error, w.r.t. Theoretical | G19: % Difference, Measured vs. Idealized
A20: =A2 -> 0.10727 | B20: 1.2 | C20: 1.425812 | D20: =ABS(('SDIA Testing'!$C20-'SDIA Testing'!$B20)/'SDIA Testing'!$B20) -> 0.18817667 | E20: =('SDIA Testing'!$A20+C11)*C2 -> 1.1416201 | F20: =ABS(('SDIA Testing'!$E20-'SDIA Testing'!$B20)/'SDIA Testing'!$B20) -> 0.048649936 | G20: =ABS(('SDIA Testing'!$E20-'SDIA Testing'!$C20)/'SDIA Testing'!$C20) -> 0.19931935
A21: =A3 -> 0.40825 | B21: 1.6 | C21: 1.703875 | D21: =ABS(('SDIA Testing'!$C21-'SDIA Testing'!$B21)/'SDIA Testing'!$B21) -> 0.064921875 | E21: =('SDIA Testing'!$A21+C12)*C3 -> 1.6126867 | F21: =ABS(('SDIA Testing'!$E21-'SDIA Testing'!$B21)/'SDIA Testing'!$B21) -> 0.0079292025 | G21: =ABS(('SDIA Testing'!$E21-'SDIA Testing'!$C21)/'SDIA Testing'!$C21) -> 0.053518172
A22: =A4 -> 0.7996 | B22: 1.6 | C22: 1.602 | D22: =ABS(('SDIA Testing'!$C22-'SDIA Testing'!$B22)/'SDIA Testing'!$B22) -> 0.00125 | E22: =('SDIA Testing'!$A22+C13)*C4 -> 1.6072465 | F22: =ABS(('SDIA Testing'!$E22-'SDIA Testing'!$B22)/'SDIA Testing'!$B22) -> 0.004529057 | G22: =ABS(('SDIA Testing'!$E22-'SDIA Testing'!$C22)/'SDIA Testing'!$C22) -> 0.0032749633
A23: =A5 -> 1.20286 | B23: 0.7 | C23: 0.7775 | D23: =ABS(('SDIA Testing'!$C23-'SDIA Testing'!$B23)/'SDIA Testing'!$B23) -> 0.11071429 | E23: =('SDIA Testing'!$A23+C14)*C5 -> 0.78350834 | F23: =ABS(('SDIA Testing'!$E23-'SDIA Testing'!$B23)/'SDIA Testing'!$B23) -> 0.11929763 | G23: =ABS(('SDIA Testing'!$E23-'SDIA Testing'!$C23)/'SDIA Testing'!$C23) -> 0.0077277685
A24: =A6 -> 1.5077 | B24: 1.5 | C24: 1.598125 | D24: =ABS(('SDIA Testing'!$C24-'SDIA Testing'!$B24)/'SDIA Testing'!$B24) -> 0.065416667 | E24: =('SDIA Testing'!$A24+C15)*C6 -> 1.5932675 | F24: =ABS(('SDIA Testing'!$E24-'SDIA Testing'!$B24)/'SDIA Testing'!$B24) -> 0.06217836 | G24: =ABS(('SDIA Testing'!$E24-'SDIA Testing'!$C24)/'SDIA Testing'!$C24) -> 0.0030394744
A25: =A7 -> 1.8005 | B25: 1.5 | C25: 1.639438 | D25: =ABS(('SDIA Testing'!$C25-'SDIA Testing'!$B25)/'SDIA Testing'!$B25) -> 0.092958667 | E25: =('SDIA Testing'!$A25+C16)*C7 -> 1.315444 | F25: =ABS(('SDIA Testing'!$E25-'SDIA Testing'!$B25)/'SDIA Testing'!$B25) -> 0.12303733 | G25: =ABS(('SDIA Testing'!$E25-'SDIA Testing'!$C25)/'SDIA Testing'!$C25) -> 0.19762504
A26: =A8 -> 2.00948 | B26: 1.25 | C26: 1.321938 | D26: =ABS(('SDIA Testing'!$C26-'SDIA Testing'!$B26)/'SDIA Testing'!$B26) -> 0.0575504 | E26: =('SDIA Testing'!$A26+C17)*C8 -> 1.1948812 | F26: =ABS(('SDIA Testing'!$E26-'SDIA Testing'!$B26)/'SDIA Testing'!$B26) -> 0.044095008 | G26: =ABS(('SDIA Testing'!$E26-'SDIA Testing'!$C26)/'SDIA Testing'!$C26) -> 0.096114008
A29: Input Voltage | B29: Actual ADC Voltage | C29: Calculated Input Voltage, Assuming Ideal Pots | D29: % Error, w.r.t. Actual | E29: Software-Estimated Actual Input Voltage | F29: % Error, w.r.t. Actual
A30: =A2 -> 0.10727 | B30: =C20 -> 1.425812 | C30: =('SDIA Testing'!$B30/C2)-C11 -> 0.13397977 | D30: =ABS(('SDIA Testing'!$C30-'SDIA Testing'!$A30)/'SDIA Testing'!$A30) -> 0.24899569 | E30: 0.11463 | F30: =ABS(('SDIA Testing'!$E30-'SDIA Testing'!$A30)/'SDIA Testing'!$A30) -> 0.068611914
A31: =A3 -> 0.40825 | B31: =C21 -> 1.703875 | C31: =('SDIA Testing'!$B31/C3)-C12 -> 0.43133564 | D31: =ABS(('SDIA Testing'!$C31-'SDIA Testing'!$A31)/'SDIA Testing'!$A31) -> 0.0565478 | E31: 0.419321 | F31: =ABS(('SDIA Testing'!$E31-'SDIA Testing'!$A31)/'SDIA Testing'!$A31) -> 0.027118187
A32: =A4 -> 0.7996 | B32: =C22 -> 1.602 | C32: =('SDIA Testing'!$B32/C4)-C13 -> 0.79698981 | D32: =ABS(('SDIA Testing'!$C32-'SDIA Testing'!$A32)/'SDIA Testing'!$A32) -> 0.0032643755 | E32: 0.790224 | F32: =ABS(('SDIA Testing'!$E32-'SDIA Testing'!$A32)/'SDIA Testing'!$A32) -> 0.011725863
A33: =A5 -> 1.20286 | B33: =C23 -> 0.7775 | C33: =('SDIA Testing'!$B33/C5)-C14 -> 1.201128 | D33: =ABS(('SDIA Testing'!$C33-'SDIA Testing'!$A33)/'SDIA Testing'!$A33) -> 0.0014399092 | E33: 1.212298 | F33: =ABS(('SDIA Testing'!$E33-'SDIA Testing'!$A33)/'SDIA Testing'!$A33) -> 0.0078462997
A34: =A6 -> 1.5077 | B34: =C24 -> 1.598125 | C34: =('SDIA Testing'!$B34/C6)-C15 -> 1.509318 | D34: =ABS(('SDIA Testing'!$C34-'SDIA Testing'!$A34)/'SDIA Testing'!$A34) -> 0.0010731358 | E34: 1.522139 | F34: =ABS(('SDIA Testing'!$E34-'SDIA Testing'!$A34)/'SDIA Testing'!$A34) -> 0.0095768389
A35: =A7 -> 1.8005 | B35: =C25 -> 1.639438 | C35: =('SDIA Testing'!$B35/C7)-C16 -> 1.866139 | D35: =ABS(('SDIA Testing'!$C35-'SDIA Testing'!$A35)/'SDIA Testing'!$A35) -> 0.036455973 | E35: 1.817292 | F35: =ABS(('SDIA Testing'!$E35-'SDIA Testing'!$A35)/'SDIA Testing'!$A35) -> 0.0093262983
A36: =A8 -> 2.00948 | B36: =C26 -> 1.321938 | C36: =('SDIA Testing'!$B36/C8)-C17 -> 2.0600398 | D36: =ABS(('SDIA Testing'!$C36-'SDIA Testing'!$A36)/'SDIA Testing'!$A36) -> 0.025160635 | E36: 2.014735 | F36: =ABS(('SDIA Testing'!$E36-'SDIA Testing'!$A36)/'SDIA Testing'!$A36) -> 0.0026151044
